Individual,/en/node/2761
Individual,/en/node/2762
Individual,/en/archive/bcb004
Individual,/en/archive/bcb006
Individual,/en/archive/bpp001
Individual,/en/archive/bpp002
Individual,/en/archive/bpp003
Individual,/en/archive/bpp004
Individual,/en/archive/pns003
Individual,/en/node/2787
Individual,/en/node/2788
Individual,/en/node/2789
Individual,/en/node/2790
Individual,/en/node/2791
Individual,/en/node/2792
Individual,/en/node/2793
Individual,/en/node/2794
Individual,/en/node/2795
Individual,/en/node/2796
Individual,/en/node/2797
Individual,/en/node/2798
Individual,/en/node/2809
Individual,/en/node/2810
Individual,/en/node/2811
Individual,/en/node/2812
Individual,/en/node/2813
Individual,/en/node/2814
Individual,/en/node/2815
Individual,/en/node/2816
Individual,/en/node/2817
Individual,/en/archive/zsr011
Individual,/en/node/2820
Individual,/en/archive/zsr013
Individual,/en/node/2822
Individual,/en/node/2847
Individual,/en/node/2848
Individual,/en/node/2849
Individual,/en/node/2850
Individual,/en/node/2851
Individual,/en/node/2852
Individual,/en/node/2853
Individual,/en/node/2854
Individual,/en/node/2855
Individual,/en/node/2856
Individual,/en/node/2857
Individual,/en/node/2858
Individual,/en/node/2859
Individual,/en/node/2860
Individual,/en/node/2861
Individual,/en/node/2862
Individual,/en/node/2863
Individual,/en/node/2864
Individual,/en/node/2865
Individual,/en/node/2866
Individual,/en/node/2867
Individual,/en/node/2868
Individual,/en/node/2869
Individual,/en/node/2870
Individual,/en/node/2871
Individual,/en/node/2872
Individual,/en/node/2873
Individual,/en/node/2874
Individual,/en/node/2875
Individual,/en/node/2876
Individual,/en/node/2877
Individual,/en/node/2878
Individual,/en/node/2879
Individual,/en/node/2880
Individual,/en/node/2881
Individual,/en/node/2882
Individual,/en/node/2883
Individual,/en/node/2884
Individual,/en/node/2885
Individual,/en/node/2886
Individual,/en/node/2887
Individual,/en/node/2888
Individual,/en/node/2889
Individual,/en/node/2890
Individual,/en/node/2891
Individual,/en/node/2892
Individual,/en/node/2893
Individual,/en/node/2894
Individual,/en/node/2895
Individual,/en/node/2896
Individual,/en/node/2897
Individual,/en/node/2898
Individual,/en/node/2899
Individual,/en/node/2900
Individual,/en/node/2901
Individual,/en/node/2902
Individual,/en/node/2903
Individual,/en/node/2904
Individual,/en/node/2905
Individual,/en/node/2906
Individual,/en/node/2907
Individual,/en/node/2908
Individual,/en/node/2909
Individual,/en/node/2910
Individual,/en/node/2911
Individual,/en/node/2912
Individual,/en/node/2913
Individual,/en/node/2914
Individual,/en/node/2915
Individual,/en/node/2916
Individual,/en/node/2917
Individual,/en/node/2918
Individual,/en/node/2919
Individual,/en/node/2920
Individual,/en/node/2921
Individual,/en/node/2922
Individual,/en/node/2923
Individual,/en/node/2924
Individual,/en/node/2925
Individual,/en/node/2926
Individual,/en/node/2927
Individual,/en/node/2928
Individual,/en/node/2929
Individual,/en/node/2930
Individual,/en/node/2931
Individual,/en/node/2932
Individual,/en/node/2933
Individual,/en/node/2934
Individual,/en/node/2935
Individual,/en/node/2936
Individual,/en/node/2937
Individual,/en/node/2938
Individual,/en/node/2939
Individual,/en/node/2940
Individual,/en/node/2941
Individual,/en/node/2942
Individual,/en/node/2943
Individual,/en/node/2944
Individual,/en/node/2945
Individual,/en/node/2946
Individual,/en/node/2947
Individual,/en/node/2948
Individual,/en/node/2949
Individual,/en/node/2950
Individual,/en/archive/zet001
Individual,/en/archive/zet002
Individual,/en/archive/zet003
Individual,/en/archive/zet004
Individual,/en/archive/zet005
Individual,/en/archive/zet006
Individual,/en/archive/zet007
Individual,/en/archive/zet008
Individual,/en/archive/zet009
Individual,/en/archive/zet010
Individual,/en/archive/zet011
Individual,/en/archive/zet012
Individual,/en/archive/zet013
Individual,/en/archive/zet014
Individual,/en/archive/zet015
Individual,/en/archive/zet016
Individual,/en/archive/zae001
Individual,/en/archive/zae002
Individual,/en/archive/zae003
Individual,/en/archive/zae004
Individual,/en/archive/zae005
Individual,/en/archive/zae006
Individual,/en/archive/zae007
Individual,/en/archive/zae008
Individual,/en/archive/zae009
Individual,/en/node/2976
Individual,/en/node/2977
Individual,/en/node/2978
Individual,/en/node/2979
Individual,/en/archive/zae014
Individual,/en/archive/zae015
Individual,/en/archive/zae016
Individual,/en/archive/zhe001
Individual,/en/archive/zhe002
Individual,/en/archive/zhe003
Individual,/en/archive/zhe004
Individual,/en/archive/zhe005
Individual,/en/archive/zhe006
Individual,/en/archive/zhe007
Individual,/en/archive/zhe008
Individual,/en/archive/zhe009
Individual,/en/archive/zhe010
Individual,/en/archive/zhe012
Individual,/en/archive/zhe013
Individual,/en/archive/zhe015
Individual,/en/archive/zhe016
Individual,/en/archive/zhe017
Individual,/en/archive/zhe018
Individual,/en/archive/zhe019
Individual,/en/archive/zhe021
Individual,/en/archive/zhe022
Individual,/en/archive/zhe023
Individual,/en/archive/zhe024
Individual,/en/archive/zhe025
Individual,/en/archive/zhe026
Individual,/en/archive/zhe027
Individual,/en/archive/zhe028
Individual,/en/archive/zhe029
Individual,/en/archive/zhe030
Individual,/en/archive/zhe031
Individual,/en/archive/zhe032
Individual,/en/archive/zhe033
Individual,/en/archive/zhe034
Individual,/en/archive/zhe035
Individual,/en/archive/zhe036
Individual,/en/node/3022
Individual,/en/node/3023
Individual,/en/node/3024
Individual,/en/node/3025
Individual,/en/node/3026
Individual,/en/node/3027
Individual,/en/node/3028
Individual,/en/node/3029
Individual,/en/node/3030
Individual,/en/node/3031
Individual,/en/node/3032
Individual,/en/node/3033
Individual,/en/archive/zhe049
Individual,/en/archive/zhe050
Individual,/en/archive/zhe051
Individual,/en/node/3037
Individual,/en/node/3038
Individual,/en/node/3039
Individual,/en/archive/zhe056
Individual,/en/archive/zhe057
Individual,/en/archive/zhe058
Individual,/en/archive/zhe059
Individual,/en/archive/zhe061
Individual,/en/node/3047
Individual,/en/node/3048
Individual,/en/node/3049
Individual,/en/node/3051
Individual,/en/node/3052
Individual,/en/node/3053
Individual,/en/node/3055
Individual,/en/archive/zhe071
Individual,/en/archive/zhe072
Individual,/en/archive/zhe073
Individual,/en/node/3059
Individual,/en/node/3060
Individual,/en/node/3061
Individual,/en/node/3065
Individual,/en/node/3066
Individual,/en/archive/zhe082
Individual,/en/node/3068
Individual,/en/node/3069
Individual,/en/node/3070
Individual,/en/node/3072
Individual,/en/node/3077
Individual,/en/node/3081
Individual,/en/node/3084
Individual,/en/node/3085
Individual,/en/node/3088
Individual,/en/node/3089
Individual,/en/node/3090
Individual,/en/node/3091
Individual,/en/node/3097
Individual,/en/node/3098
Individual,/en/node/3100
Individual,/en/node/3102
Individual,/en/node/3103
Individual,/en/node/3105
Individual,/en/node/3106
Individual,/en/node/3107
Individual,/en/archive/bps071
Individual,/en/node/3109
Individual,/en/node/3110
Individual,/en/node/3117
Individual,/en/node/3118
Individual,/en/node/3120
Individual,/en/node/3121
Individual,/en/archive/bps106-bps107
Individual,/en/node/3133
Individual,/en/node/3139
Individual,/en/node/3143
Individual,/en/node/3144
Individual,/en/node/3145
Individual,/en/node/3148
Individual,/en/node/3150
Individual,/en/node/3153
Individual,/en/node/3154
Individual,/en/node/3161
Individual,/en/node/3172
Individual,/en/node/3175
Individual,/en/node/3177
Individual,/en/node/3178
Individual,/en/node/3181
Individual,/en/node/3185
Individual,/en/node/3186
Individual,/en/node/3193
Individual,/en/node/3196
Individual,/en/node/3197
Individual,/en/node/3199
Individual,/en/node/3201
Individual,/en/node/3202
Individual,/en/node/3203
Individual,/en/node/3204
Individual,/en/node/3207
Individual,/en/node/3210
Individual,/en/node/3211
Individual,/en/node/3215
Individual,/en/node/3216
Individual,/en/node/3227
Individual,/en/node/3228
Individual,/en/node/3230
Individual,/en/node/3231
Individual,/en/node/3232
Individual,/en/node/3233
Individual,/en/node/3234
Individual,/en/node/3235
Individual,/en/node/3244
Individual,/en/node/3277
Individual,/en/node/3284
Individual,/en/node/3289
Individual,/en/node/3290
Individual,/en/node/3291
Individual,/en/node/3292
Individual,/en/node/3294
Individual,/en/node/3295
Individual,/en/node/3301
Individual,/en/node/3303
Individual,/en/node/3304
Individual,/en/node/3305
Individual,/en/node/3308
Individual,/en/node/3309
Individual,/en/archive/pmb001
Individual,/en/archive/pmb002
Individual,/en/archive/zhe085
Individual,/en/archive/zzs121
Individual,/en/archive/zhe086
Individual,/en/archive/zhe087
Individual,/en/archive/zzs122
Individual,/en/archive/zhe088
Individual,/en/archive/zhe090
Individual,/en/archive/zhe091
Individual,/en/archive/zhe089
Population,/en/node/2763
Population,/en/node/2823
Population,/en/archive/zhe011
Population,/en/archive/zhe014
Population,/en/archive/zhe020
Population,/en/archive/zhe055
Population,/en/node/3050
Population,/en/node/3054
Population,/en/archive/zhe077
Population,/en/archive/zhe078
Population,/en/archive/zhe079
Population,/en/node/3071
Population,/en/node/3073
Population,/en/node/3075
Population,/en/node/3082
Population,/en/node/3083
Population,/en/node/3101
Population,/en/node/3114
Population,/en/node/3124
Population,/en/node/3135
Population,/en/node/3141
Population,/en/node/3142
Population,/en/node/3151
Population,/en/node/3169
Population,/en/node/3170
Population,/en/node/3171
Population,/en/node/3174
Population,/en/node/3182
Population,/en/node/3183
Population,/en/archive/bps208
Population,/en/node/3188
Population,/en/node/3189
Population,/en/node/3190
Population,/en/node/3191
Population,/en/node/3200
Population,/en/node/3212
Population,/en/node/3213
Population,/en/node/3240
Population,/en/node/3248
Population,/en/node/3249
Population,/en/archive/bps322
Population,/en/node/3252
Population,/en/node/3253
Population,/en/node/3254
Population,/en/node/3255
Population,/en/node/3256
Population,/en/node/3257
Population,/en/node/3259
Population,/en/node/3260
Population,/en/node/3261
Population,/en/node/3262
Population,/en/node/3263
Population,/en/node/3264
Population,/en/node/3265
Population,/en/node/3266
Population,/en/node/3267
Population,/en/node/3269
Population,/en/node/3270
Population,/en/archive/bps363
Population,/en/archive/bps364
Population,/en/node/3283
Population,/en/node/3293
Population,/en/node/3302
Population,/en/node/3306
Molecule,/en/archive/psp001
Molecule,/en/archive/psp002
Molecule,/en/archive/psp003
Molecule,/en/archive/pns001
Molecule,/en/archive/pns002
Molecule,/en/archive/ptb001
Molecule,/en/archive/ptb002
Molecule,/en/archive/ptb003
Molecule,/en/archive/ptb004
Cell Organelle,/en/node/2771
Cell Organelle,/en/node/2772
Cell Organelle,/en/node/2773
Cell Organelle,/en/node/2774
Cell Organelle,/en/node/2775
Cell Organelle,/en/node/2776
Cell Organelle,/en/node/2777
Cell Organelle,/en/node/2778
Cell Organelle,/en/node/2779
Cell Organelle,/en/node/2780
Cell,/en/archive/zdb001
Organization,/en/node/2824
Organization,/en/node/2825
Organization,/en/node/2826
Organization,/en/node/2827
Organization,/en/node/2828
Organization,/en/node/2829
Organization,/en/node/2830
Organization,/en/node/2831
Organization,/en/node/2832
Organization,/en/node/2833
Organization,/en/node/2834
Organization,/en/node/2835
Organization,/en/node/2836
Organization,/en/node/2837
Organization,/en/node/2838
Organization,/en/node/2839
Organization,/en/node/2840
Organization,/en/node/2841
Organization,/en/node/2842
Organization,/en/node/2843
Organization,/en/node/2845
Organization,/en/node/2846
Organ,/en/node/2818
Organ,/en/node/3074
Organ,/en/node/3076
Organ,/en/node/3078
Organ,/en/node/3079
Organ,/en/node/3086
Organ,/en/node/3087
Organ,/en/node/3092
Organ,/en/node/3093
Organ,/en/node/3094
Organ,/en/node/3095
Organ,/en/node/3096
Organ,/en/node/3099
Organ,/en/node/3104
Organ,/en/node/3111
Organ,/en/node/3112
Organ,/en/node/3113
Organ,/en/node/3115
Organ,/en/node/3116
Organ,/en/node/3119
Organ,/en/node/3122
Organ,/en/node/3123
Organ,/en/node/3126
Organ,/en/node/3127
Organ,/en/node/3128
Organ,/en/node/3129
Organ,/en/node/3130
Organ,/en/node/3131
Organ,/en/node/3132
Organ,/en/node/3134
Organ,/en/node/3136
Organ,/en/node/3137
Organ,/en/node/3138
Organ,/en/node/3140
Organ,/en/node/3146
Organ,/en/node/3147
Organ,/en/node/3149
Organ,/en/node/3152
Organ,/en/node/3155
Organ,/en/node/3156
Organ,/en/node/3157
Organ,/en/node/3158
Organ,/en/node/3159
Organ,/en/node/3160
Organ,/en/node/3162
Organ,/en/node/3163
Organ,/en/node/3164
Organ,/en/node/3165
Organ,/en/node/3166
Organ,/en/node/3167
Organ,/en/node/3168
Organ,/en/node/3173
Organ,/en/node/3176
Organ,/en/node/3179
Organ,/en/node/3180
Organ,/en/node/3184
Organ,/en/node/3192
Organ,/en/node/3194
Organ,/en/node/3195
Organ,/en/node/3198
Organ,/en/node/3205
Organ,/en/node/3206
Organ,/en/node/3208
Organ,/en/node/3209
Organ,/en/node/3214
Organ,/en/node/3217
Organ,/en/node/3218
Organ,/en/node/3219
Organ,/en/node/3220
Organ,/en/node/3221
Organ,/en/node/3222
Organ,/en/node/3223
Organ,/en/node/3224
Organ,/en/node/3225
Organ,/en/node/3226
Organ,/en/node/3229
Organ,/en/node/3239
Organ,/en/node/3241
Organ,/en/node/3242
Organ,/en/node/3243
Organ,/en/node/3245
Organ,/en/node/3246
Organ,/en/node/3247
Organ,/en/node/3250
Organ,/en/node/3271
Organ,/en/node/3272
Organ,/en/node/3273
Organ,/en/node/3274
Organ,/en/node/3275
Organ,/en/node/3276
Organ,/en/node/3280
Organ,/en/node/3281
Organ,/en/node/3282
Organ,/en/node/3285
Organ,/en/node/3286
Organ,/en/node/3287
Organ,/en/node/3288
Organ,/en/node/3296
Organ,/en/node/3297
Organ,/en/node/3298
Organ,/en/node/3299
Organ,/en/node/3300
Organ,/en/node/3307
Organ,/en/node/3310
Biological Community,/en/node/2765
Biological Community,/en/node/3045
Biological Community,/en/node/3080
Biological Community,/en/node/3236
Biological Community,/en/archive/bps287
Biological Community,/en/archive/bps288
Biological Community,/en/node/3258
Biological Community,/en/node/3268
